<?xml version="1.0" encoding="UTF-8"?>
<export version="D">
  <design>
    <source>/home/texitoi/dev/keyseebee/pcb/kicad/left/left.sch</source>
    <date>dim. 26 déc. 2021 22:29:01</date>
    <tool>Eeschema 5.1.9+dfsg1-1</tool>
    <sheet number="1" name="/" tstamps="/">
      <title_block>
        <title/>
        <company/>
        <rev/>
        <date/>
        <source>left.sch</source>
        <comment number="1" value=""/>
        <comment number="2" value=""/>
        <comment number="3" value=""/>
        <comment number="4" value=""/>
      </title_block>
    </sheet>
  </design>
  <components>
    <comp ref="U1">
      <value>STM32</value>
      <footprint>Package_QFP:LQFP-48_7x7mm_P0.5mm</footprint>
      <datasheet>http://www.st.com/st-web-ui/static/active/en/resource/technical/document/datasheet/DM00090510.pdf</datasheet>
      <fields>
        <field name="LCSC">C80488</field>
      </fields>
      <libsource lib="MCU_ST_STM32F0" part="STM32F072CBTx" description="ARM Cortex-M0 MCU, 128KB flash, 16KB RAM, 48MHz, 2-3.6V, 37 GPIO, LQFP-48"/>
      <sheetpath names="/" tstamps="/"/>
      <tstamp>5DEC39DF</tstamp>
    </comp>
    <comp ref="C2">
      <value>100nF</value>
      <footprint>Capacitor_SMD:C_0805_2012Metric_Pad1.15x1.40mm_HandSolder</footprint>
      <datasheet>~</datasheet>
      <fields>
        <field name="LCSC"> C49678</field>
      </fields>
      <libsource lib="Device" part="C" description="Unpolarized capacitor"/>
      <sheetpath names="/" tstamps="/"/>
      <tstamp>5DEC3C77</tstamp>
    </comp>
    <comp ref="C3">
      <value>100nF</value>
      <footprint>Capacitor_SMD:C_0805_2012Metric_Pad1.15x1.40mm_HandSolder</footprint>
      <datasheet>~</datasheet>
      <fields>
        <field name="LCSC"> C49678</field>
      </fields>
      <libsource lib="Device" part="C" description="Unpolarized capacitor"/>
      <sheetpath names="/" tstamps="/"/>
      <tstamp>5DEC3CF5</tstamp>
    </comp>
    <comp ref="C4">
      <value>100nF</value>
      <footprint>Capacitor_SMD:C_0805_2012Metric_Pad1.15x1.40mm_HandSolder</footprint>
      <datasheet>~</datasheet>
      <fields>
        <field name="LCSC"> C49678</field>
      </fields>
      <libsource lib="Device" part="C" description="Unpolarized capacitor"/>
      <sheetpath names="/" tstamps="/"/>
      <tstamp>5DEC3D3C</tstamp>
    </comp>
    <comp ref="C5">
      <value>100nF</value>
      <footprint>Capacitor_SMD:C_0805_2012Metric_Pad1.15x1.40mm_HandSolder</footprint>
      <datasheet>~</datasheet>
      <fields>
        <field name="LCSC"> C49678</field>
      </fields>
      <libsource lib="Device" part="C" description="Unpolarized capacitor"/>
      <sheetpath names="/" tstamps="/"/>
      <tstamp>5DEC3D7E</tstamp>
    </comp>
    <comp ref="C7">
      <value>1µF</value>
      <footprint>Capacitor_SMD:C_0805_2012Metric_Pad1.15x1.40mm_HandSolder</footprint>
      <datasheet>~</datasheet>
      <fields>
        <field name="LCSC">C28323</field>
      </fields>
      <libsource lib="Device" part="C" description="Unpolarized capacitor"/>
      <sheetpath names="/" tstamps="/"/>
      <tstamp>5DEC3DF1</tstamp>
    </comp>
    <comp ref="C1">
      <value>100nF</value>
      <footprint>Capacitor_SMD:C_0805_2012Metric_Pad1.15x1.40mm_HandSolder</footprint>
      <datasheet>~</datasheet>
      <fields>
        <field name="LCSC"> C49678</field>
      </fields>
      <libsource lib="Device" part="C" description="Unpolarized capacitor"/>
      <sheetpath names="/" tstamps="/"/>
      <tstamp>5DEC9DB9</tstamp>
    </comp>
    <comp ref="SW2">
      <value>RESET</value>
      <footprint>Button_Switch_SMD:SW_SPST_CK_RS282G05A3</footprint>
      <fields>
        <field name="LCSC">C720381</field>
      </fields>
      <libsource lib="Switch" part="SW_Push" description="Push button switch, generic, two pins"/>
      <sheetpath names="/" tstamps="/"/>
      <tstamp>5DECA090</tstamp>
    </comp>
    <comp ref="SW1">
      <value>BOOT</value>
      <footprint>Button_Switch_SMD:SW_SPST_CK_RS282G05A3</footprint>
      <fields>
        <field name="LCSC">C720381</field>
      </fields>
      <libsource lib="Switch" part="SW_Push" description="Push button switch, generic, two pins"/>
      <sheetpath names="/" tstamps="/"/>
      <tstamp>5DECE105</tstamp>
    </comp>
    <comp ref="R1">
      <value>5.1k</value>
      <footprint>Resistor_SMD:R_0805_2012Metric_Pad1.15x1.40mm_HandSolder</footprint>
      <datasheet>~</datasheet>
      <fields>
        <field name="LCSC">C27834</field>
      </fields>
      <libsource lib="Device" part="R" description="Resistor"/>
      <sheetpath names="/" tstamps="/"/>
      <tstamp>5DECE7D2</tstamp>
    </comp>
    <comp ref="U2">
      <value>LDO</value>
      <footprint>Package_TO_SOT_SMD:SOT-23</footprint>
      <datasheet>http://www.ti.com/lit/ds/symlink/lm3480.pdf</datasheet>
      <fields>
        <field name="LCSC">C5446</field>
      </fields>
      <libsource lib="Regulator_Linear" part="MCP1703A-3302_SOT23" description="Low Quiescent Current LDO Regulator, 3.3V, 250mA, Vin&lt;=16V, SOT-23"/>
      <sheetpath names="/" tstamps="/"/>
      <tstamp>5DED53E7</tstamp>
    </comp>
    <comp ref="R7">
      <value>5.1k</value>
      <footprint>Resistor_SMD:R_0805_2012Metric_Pad1.15x1.40mm_HandSolder</footprint>
      <datasheet>~</datasheet>
      <fields>
        <field name="LCSC">C27834</field>
      </fields>
      <libsource lib="Device" part="R" description="Resistor"/>
      <sheetpath names="/" tstamps="/"/>
      <tstamp>5DEDEA73</tstamp>
    </comp>
    <comp ref="R6">
      <value>5.1k</value>
      <footprint>Resistor_SMD:R_0805_2012Metric_Pad1.15x1.40mm_HandSolder</footprint>
      <datasheet>~</datasheet>
      <fields>
        <field name="LCSC">C27834</field>
      </fields>
      <libsource lib="Device" part="R" description="Resistor"/>
      <sheetpath names="/" tstamps="/"/>
      <tstamp>5DEDEAE6</tstamp>
    </comp>
    <comp ref="C6">
      <value>1µF</value>
      <footprint>Capacitor_SMD:C_0805_2012Metric_Pad1.15x1.40mm_HandSolder</footprint>
      <datasheet>~</datasheet>
      <fields>
        <field name="LCSC">C28323</field>
      </fields>
      <libsource lib="Device" part="C" description="Unpolarized capacitor"/>
      <sheetpath names="/" tstamps="/"/>
      <tstamp>5DEE73ED</tstamp>
    </comp>
    <comp ref="D11">
      <value>1N4148WS</value>
      <footprint>Diode_SMD:D_SOD-323_HandSoldering</footprint>
      <datasheet>~</datasheet>
      <fields>
        <field name="LCSC">C2128</field>
      </fields>
      <libsource lib="Diode" part="1N4148WS" description="75V 0.15A Fast switching Diode, SOD-323"/>
      <sheetpath names="/" tstamps="/"/>
      <tstamp>5DF621C8</tstamp>
    </comp>
    <comp ref="SW9">
      <value>SW_Push</value>
      <footprint>custom:CherryMX_Choc_1u</footprint>
      <libsource lib="Switch" part="SW_Push" description="Push button switch, generic, two pins"/>
      <sheetpath names="/" tstamps="/"/>
      <tstamp>5DF621CF</tstamp>
    </comp>
    <comp ref="D12">
      <value>1N4148WS</value>
      <footprint>Diode_SMD:D_SOD-323_HandSoldering</footprint>
      <datasheet>~</datasheet>
      <fields>
        <field name="LCSC">C2128</field>
      </fields>
      <libsource lib="Diode" part="1N4148WS" description="75V 0.15A Fast switching Diode, SOD-323"/>
      <sheetpath names="/" tstamps="/"/>
      <tstamp>5DF621D6</tstamp>
    </comp>
    <comp ref="SW10">
      <value>SW_Push</value>
      <footprint>custom:CherryMX_Choc_1u</footprint>
      <libsource lib="Switch" part="SW_Push" description="Push button switch, generic, two pins"/>
      <sheetpath names="/" tstamps="/"/>
      <tstamp>5DF621DD</tstamp>
    </comp>
    <comp ref="D10">
      <value>1N4148WS</value>
      <footprint>Diode_SMD:D_SOD-323_HandSoldering</footprint>
      <datasheet>~</datasheet>
      <fields>
        <field name="LCSC">C2128</field>
      </fields>
      <libsource lib="Diode" part="1N4148WS" description="75V 0.15A Fast switching Diode, SOD-323"/>
      <sheetpath names="/" tstamps="/"/>
      <tstamp>5DF621F2</tstamp>
    </comp>
    <comp ref="SW8">
      <value>SW_Push</value>
      <footprint>custom:CherryMX_Choc_1u</footprint>
      <libsource lib="Switch" part="SW_Push" description="Push button switch, generic, two pins"/>
      <sheetpath names="/" tstamps="/"/>
      <tstamp>5DF621F9</tstamp>
    </comp>
    <comp ref="D9">
      <value>1N4148WS</value>
      <footprint>Diode_SMD:D_SOD-323_HandSoldering</footprint>
      <datasheet>~</datasheet>
      <fields>
        <field name="LCSC">C2128</field>
      </fields>
      <libsource lib="Diode" part="1N4148WS" description="75V 0.15A Fast switching Diode, SOD-323"/>
      <sheetpath names="/" tstamps="/"/>
      <tstamp>5DF62200</tstamp>
    </comp>
    <comp ref="SW7">
      <value>SW_Push</value>
      <footprint>custom:CherryMX_Choc_1u</footprint>
      <libsource lib="Switch" part="SW_Push" description="Push button switch, generic, two pins"/>
      <sheetpath names="/" tstamps="/"/>
      <tstamp>5DF62207</tstamp>
    </comp>
    <comp ref="D25">
      <value>1N4148WS</value>
      <footprint>Diode_SMD:D_SOD-323_HandSoldering</footprint>
      <datasheet>~</datasheet>
      <fields>
        <field name="LCSC">C2128</field>
      </fields>
      <libsource lib="Diode" part="1N4148WS" description="75V 0.15A Fast switching Diode, SOD-323"/>
      <sheetpath names="/" tstamps="/"/>
      <tstamp>5DFE23D1</tstamp>
    </comp>
    <comp ref="SW23">
      <value>SW_Push</value>
      <footprint>custom:CherryMX_Choc_1u</footprint>
      <libsource lib="Switch" part="SW_Push" description="Push button switch, generic, two pins"/>
      <sheetpath names="/" tstamps="/"/>
      <tstamp>5DFE23D8</tstamp>
    </comp>
    <comp ref="D26">
      <value>1N4148WS</value>
      <footprint>Diode_SMD:D_SOD-323_HandSoldering</footprint>
      <datasheet>~</datasheet>
      <fields>
        <field name="LCSC">C2128</field>
      </fields>
      <libsource lib="Diode" part="1N4148WS" description="75V 0.15A Fast switching Diode, SOD-323"/>
      <sheetpath names="/" tstamps="/"/>
      <tstamp>5DFE23DF</tstamp>
    </comp>
    <comp ref="SW24">
      <value>SW_Push</value>
      <footprint>custom:CherryMX_Choc_1u</footprint>
      <libsource lib="Switch" part="SW_Push" description="Push button switch, generic, two pins"/>
      <sheetpath names="/" tstamps="/"/>
      <tstamp>5DFE23E6</tstamp>
    </comp>
    <comp ref="D24">
      <value>1N4148WS</value>
      <footprint>Diode_SMD:D_SOD-323_HandSoldering</footprint>
      <datasheet>~</datasheet>
      <fields>
        <field name="LCSC">C2128</field>
      </fields>
      <libsource lib="Diode" part="1N4148WS" description="75V 0.15A Fast switching Diode, SOD-323"/>
      <sheetpath names="/" tstamps="/"/>
      <tstamp>5DFE23FB</tstamp>
    </comp>
    <comp ref="SW22">
      <value>SW_Push</value>
      <footprint>custom:CherryMX_Choc_1u</footprint>
      <libsource lib="Switch" part="SW_Push" description="Push button switch, generic, two pins"/>
      <sheetpath names="/" tstamps="/"/>
      <tstamp>5DFE2402</tstamp>
    </comp>
    <comp ref="D23">
      <value>1N4148WS</value>
      <footprint>Diode_SMD:D_SOD-323_HandSoldering</footprint>
      <datasheet>~</datasheet>
      <fields>
        <field name="LCSC">C2128</field>
      </fields>
      <libsource lib="Diode" part="1N4148WS" description="75V 0.15A Fast switching Diode, SOD-323"/>
      <sheetpath names="/" tstamps="/"/>
      <tstamp>5DFE2409</tstamp>
    </comp>
    <comp ref="SW21">
      <value>SW_Push</value>
      <footprint>custom:CherryMX_Choc_1u</footprint>
      <libsource lib="Switch" part="SW_Push" description="Push button switch, generic, two pins"/>
      <sheetpath names="/" tstamps="/"/>
      <tstamp>5DFE2410</tstamp>
    </comp>
    <comp ref="D35">
      <value>1N4148WS</value>
      <footprint>Diode_SMD:D_SOD-323_HandSoldering</footprint>
      <datasheet>~</datasheet>
      <fields>
        <field name="LCSC">C2128</field>
      </fields>
      <libsource lib="Diode" part="1N4148WS" description="75V 0.15A Fast switching Diode, SOD-323"/>
      <sheetpath names="/" tstamps="/"/>
      <tstamp>5DFE3E8A</tstamp>
    </comp>
    <comp ref="SW33">
      <value>SW_Push</value>
      <footprint>custom:CherryMX_Choc_1u</footprint>
      <libsource lib="Switch" part="SW_Push" description="Push button switch, generic, two pins"/>
      <sheetpath names="/" tstamps="/"/>
      <tstamp>5DFE3E91</tstamp>
    </comp>
    <comp ref="D36">
      <value>1N4148WS</value>
      <footprint>Diode_SMD:D_SOD-323_HandSoldering</footprint>
      <datasheet>~</datasheet>
      <fields>
        <field name="LCSC">C2128</field>
      </fields>
      <libsource lib="Diode" part="1N4148WS" description="75V 0.15A Fast switching Diode, SOD-323"/>
      <sheetpath names="/" tstamps="/"/>
      <tstamp>5DFE3E98</tstamp>
    </comp>
    <comp ref="SW34">
      <value>SW_Push</value>
      <footprint>custom:CherryMX_Choc_1u</footprint>
      <libsource lib="Switch" part="SW_Push" description="Push button switch, generic, two pins"/>
      <sheetpath names="/" tstamps="/"/>
      <tstamp>5DFE3E9F</tstamp>
    </comp>
    <comp ref="D34">
      <value>1N4148WS</value>
      <footprint>Diode_SMD:D_SOD-323_HandSoldering</footprint>
      <datasheet>~</datasheet>
      <fields>
        <field name="LCSC">C2128</field>
      </fields>
      <libsource lib="Diode" part="1N4148WS" description="75V 0.15A Fast switching Diode, SOD-323"/>
      <sheetpath names="/" tstamps="/"/>
      <tstamp>5DFE3EB4</tstamp>
    </comp>
    <comp ref="SW32">
      <value>SW_Push</value>
      <footprint>custom:CherryMX_Choc_1u</footprint>
      <libsource lib="Switch" part="SW_Push" description="Push button switch, generic, two pins"/>
      <sheetpath names="/" tstamps="/"/>
      <tstamp>5DFE3EBB</tstamp>
    </comp>
    <comp ref="D33">
      <value>1N4148WS</value>
      <footprint>Diode_SMD:D_SOD-323_HandSoldering</footprint>
      <datasheet>~</datasheet>
      <fields>
        <field name="LCSC">C2128</field>
      </fields>
      <libsource lib="Diode" part="1N4148WS" description="75V 0.15A Fast switching Diode, SOD-323"/>
      <sheetpath names="/" tstamps="/"/>
      <tstamp>5DFE3EC2</tstamp>
    </comp>
    <comp ref="SW31">
      <value>SW_Push</value>
      <footprint>custom:CherryMX_Choc_1u</footprint>
      <libsource lib="Switch" part="SW_Push" description="Push button switch, generic, two pins"/>
      <sheetpath names="/" tstamps="/"/>
      <tstamp>5DFE3EC9</tstamp>
    </comp>
    <comp ref="D7">
      <value>1N4148WS</value>
      <footprint>Diode_SMD:D_SOD-323_HandSoldering</footprint>
      <datasheet>~</datasheet>
      <fields>
        <field name="LCSC">C2128</field>
      </fields>
      <libsource lib="Diode" part="1N4148WS" description="75V 0.15A Fast switching Diode, SOD-323"/>
      <sheetpath names="/" tstamps="/"/>
      <tstamp>5DFE6378</tstamp>
    </comp>
    <comp ref="SW5">
      <value>SW_Push</value>
      <footprint>custom:CherryMX_Choc_1u</footprint>
      <libsource lib="Switch" part="SW_Push" description="Push button switch, generic, two pins"/>
      <sheetpath names="/" tstamps="/"/>
      <tstamp>5DFE637F</tstamp>
    </comp>
    <comp ref="D6">
      <value>1N4148WS</value>
      <footprint>Diode_SMD:D_SOD-323_HandSoldering</footprint>
      <datasheet>~</datasheet>
      <fields>
        <field name="LCSC">C2128</field>
      </fields>
      <libsource lib="Diode" part="1N4148WS" description="75V 0.15A Fast switching Diode, SOD-323"/>
      <sheetpath names="/" tstamps="/"/>
      <tstamp>5DFE63A2</tstamp>
    </comp>
    <comp ref="SW4">
      <value>SW_Push</value>
      <footprint>custom:CherryMX_Choc_1u</footprint>
      <libsource lib="Switch" part="SW_Push" description="Push button switch, generic, two pins"/>
      <sheetpath names="/" tstamps="/"/>
      <tstamp>5DFE63A9</tstamp>
    </comp>
    <comp ref="D5">
      <value>1N4148WS</value>
      <footprint>Diode_SMD:D_SOD-323_HandSoldering</footprint>
      <datasheet>~</datasheet>
      <fields>
        <field name="LCSC">C2128</field>
      </fields>
      <libsource lib="Diode" part="1N4148WS" description="75V 0.15A Fast switching Diode, SOD-323"/>
      <sheetpath names="/" tstamps="/"/>
      <tstamp>5DFE63B0</tstamp>
    </comp>
    <comp ref="SW3">
      <value>SW_Push</value>
      <footprint>custom:CherryMX_Choc_1u</footprint>
      <libsource lib="Switch" part="SW_Push" description="Push button switch, generic, two pins"/>
      <sheetpath names="/" tstamps="/"/>
      <tstamp>5DFE63B7</tstamp>
    </comp>
    <comp ref="D21">
      <value>1N4148WS</value>
      <footprint>Diode_SMD:D_SOD-323_HandSoldering</footprint>
      <datasheet>~</datasheet>
      <fields>
        <field name="LCSC">C2128</field>
      </fields>
      <libsource lib="Diode" part="1N4148WS" description="75V 0.15A Fast switching Diode, SOD-323"/>
      <sheetpath names="/" tstamps="/"/>
      <tstamp>5DFE63CB</tstamp>
    </comp>
    <comp ref="SW19">
      <value>SW_Push</value>
      <footprint>custom:CherryMX_Choc_1u</footprint>
      <libsource lib="Switch" part="SW_Push" description="Push button switch, generic, two pins"/>
      <sheetpath names="/" tstamps="/"/>
      <tstamp>5DFE63D2</tstamp>
    </comp>
    <comp ref="D20">
      <value>1N4148WS</value>
      <footprint>Diode_SMD:D_SOD-323_HandSoldering</footprint>
      <datasheet>~</datasheet>
      <fields>
        <field name="LCSC">C2128</field>
      </fields>
      <libsource lib="Diode" part="1N4148WS" description="75V 0.15A Fast switching Diode, SOD-323"/>
      <sheetpath names="/" tstamps="/"/>
      <tstamp>5DFE63F5</tstamp>
    </comp>
    <comp ref="SW18">
      <value>SW_Push</value>
      <footprint>custom:CherryMX_Choc_1u</footprint>
      <libsource lib="Switch" part="SW_Push" description="Push button switch, generic, two pins"/>
      <sheetpath names="/" tstamps="/"/>
      <tstamp>5DFE63FC</tstamp>
    </comp>
    <comp ref="D19">
      <value>1N4148WS</value>
      <footprint>Diode_SMD:D_SOD-323_HandSoldering</footprint>
      <datasheet>~</datasheet>
      <fields>
        <field name="LCSC">C2128</field>
      </fields>
      <libsource lib="Diode" part="1N4148WS" description="75V 0.15A Fast switching Diode, SOD-323"/>
      <sheetpath names="/" tstamps="/"/>
      <tstamp>5DFE6403</tstamp>
    </comp>
    <comp ref="SW17">
      <value>SW_Push</value>
      <footprint>custom:CherryMX_Choc_1u</footprint>
      <libsource lib="Switch" part="SW_Push" description="Push button switch, generic, two pins"/>
      <sheetpath names="/" tstamps="/"/>
      <tstamp>5DFE640A</tstamp>
    </comp>
    <comp ref="D16">
      <value>1N4148WS</value>
      <footprint>Diode_SMD:D_SOD-323_HandSoldering</footprint>
      <datasheet>~</datasheet>
      <fields>
        <field name="LCSC">C2128</field>
      </fields>
      <libsource lib="Diode" part="1N4148WS" description="75V 0.15A Fast switching Diode, SOD-323"/>
      <sheetpath names="/" tstamps="/"/>
      <tstamp>5DFEF7D2</tstamp>
    </comp>
    <comp ref="SW14">
      <value>SW_Push</value>
      <footprint>custom:CherryMX_Choc_1u</footprint>
      <libsource lib="Switch" part="SW_Push" description="Push button switch, generic, two pins"/>
      <sheetpath names="/" tstamps="/"/>
      <tstamp>5DFEF7D9</tstamp>
    </comp>
    <comp ref="D17">
      <value>1N4148WS</value>
      <footprint>Diode_SMD:D_SOD-323_HandSoldering</footprint>
      <datasheet>~</datasheet>
      <fields>
        <field name="LCSC">C2128</field>
      </fields>
      <libsource lib="Diode" part="1N4148WS" description="75V 0.15A Fast switching Diode, SOD-323"/>
      <sheetpath names="/" tstamps="/"/>
      <tstamp>5DFEF7E0</tstamp>
    </comp>
    <comp ref="SW15">
      <value>SW_Push</value>
      <footprint>custom:CherryMX_Choc_1u</footprint>
      <libsource lib="Switch" part="SW_Push" description="Push button switch, generic, two pins"/>
      <sheetpath names="/" tstamps="/"/>
      <tstamp>5DFEF7E7</tstamp>
    </comp>
    <comp ref="D15">
      <value>1N4148WS</value>
      <footprint>Diode_SMD:D_SOD-323_HandSoldering</footprint>
      <datasheet>~</datasheet>
      <fields>
        <field name="LCSC">C2128</field>
      </fields>
      <libsource lib="Diode" part="1N4148WS" description="75V 0.15A Fast switching Diode, SOD-323"/>
      <sheetpath names="/" tstamps="/"/>
      <tstamp>5DFEF7FC</tstamp>
    </comp>
    <comp ref="SW13">
      <value>SW_Push</value>
      <footprint>custom:CherryMX_Choc_1u</footprint>
      <libsource lib="Switch" part="SW_Push" description="Push button switch, generic, two pins"/>
      <sheetpath names="/" tstamps="/"/>
      <tstamp>5DFEF803</tstamp>
    </comp>
    <comp ref="D14">
      <value>1N4148WS</value>
      <footprint>Diode_SMD:D_SOD-323_HandSoldering</footprint>
      <datasheet>~</datasheet>
      <fields>
        <field name="LCSC">C2128</field>
      </fields>
      <libsource lib="Diode" part="1N4148WS" description="75V 0.15A Fast switching Diode, SOD-323"/>
      <sheetpath names="/" tstamps="/"/>
      <tstamp>5DFEF80A</tstamp>
    </comp>
    <comp ref="SW12">
      <value>SW_Push</value>
      <footprint>custom:CherryMX_Choc_1u</footprint>
      <libsource lib="Switch" part="SW_Push" description="Push button switch, generic, two pins"/>
      <sheetpath names="/" tstamps="/"/>
      <tstamp>5DFEF811</tstamp>
    </comp>
    <comp ref="J1">
      <value>USB_C_Receptacle_USB2.0</value>
      <footprint>kicad-usb:USB_C_Receptacle_HRO_TYPE-C-31-M-12</footprint>
      <datasheet>https://www.usb.org/sites/default/files/documents/usb_type-c.zip</datasheet>
      <fields>
        <field name="LCSC">C165948</field>
      </fields>
      <libsource lib="left-rescue" part="USB_C_Receptacle_USB2.0-Connector" description=""/>
      <sheetpath names="/" tstamps="/"/>
      <tstamp>5E037A53</tstamp>
    </comp>
    <comp ref="J2">
      <value>AudioJack4</value>
      <footprint>keebio:TRRS-PJ-320A-no-Fmask</footprint>
      <datasheet>~</datasheet>
      <libsource lib="Connector" part="Conn_01x04_Female" description="Generic connector, single row, 01x04, script generated (kicad-library-utils/schlib/autogen/connector/)"/>
      <sheetpath names="/" tstamps="/"/>
      <tstamp>5ED45338</tstamp>
    </comp>
    <comp ref="J3">
      <value>Conn_01x12_Male</value>
      <footprint>kicad-harwin:Harwin_M20-89012xx_1x12_P2.54mm_Horizontal</footprint>
      <datasheet>~</datasheet>
      <libsource lib="Connector" part="Conn_01x12_Male" description="Generic connector, single row, 01x12, script generated (kicad-library-utils/schlib/autogen/connector/)"/>
      <sheetpath names="/" tstamps="/"/>
      <tstamp>5EDBCB44</tstamp>
    </comp>
  </components>
  <libparts>
    <libpart lib="Connector" part="Conn_01x04_Female">
      <description>Generic connector, single row, 01x04, script generated (kicad-library-utils/schlib/autogen/connector/)</description>
      <docs>~</docs>
      <footprints>
        <fp>Connector*:*_1x??_*</fp>
      </footprints>
      <fields>
        <field name="Reference">J</field>
        <field name="Value">Conn_01x04_Female</field>
      </fields>
      <pins>
        <pin num="1" name="Pin_1" type="passive"/>
        <pin num="2" name="Pin_2" type="passive"/>
        <pin num="3" name="Pin_3" type="passive"/>
        <pin num="4" name="Pin_4" type="passive"/>
      </pins>
    </libpart>
    <libpart lib="Connector" part="Conn_01x12_Male">
      <description>Generic connector, single row, 01x12, script generated (kicad-library-utils/schlib/autogen/connector/)</description>
      <docs>~</docs>
      <footprints>
        <fp>Connector*:*_1x??_*</fp>
      </footprints>
      <fields>
        <field name="Reference">J</field>
        <field name="Value">Conn_01x12_Male</field>
      </fields>
      <pins>
        <pin num="1" name="Pin_1" type="passive"/>
        <pin num="2" name="Pin_2" type="passive"/>
        <pin num="3" name="Pin_3" type="passive"/>
        <pin num="4" name="Pin_4" type="passive"/>
        <pin num="5" name="Pin_5" type="passive"/>
        <pin num="6" name="Pin_6" type="passive"/>
        <pin num="7" name="Pin_7" type="passive"/>
        <pin num="8" name="Pin_8" type="passive"/>
        <pin num="9" name="Pin_9" type="passive"/>
        <pin num="10" name="Pin_10" type="passive"/>
        <pin num="11" name="Pin_11" type="passive"/>
        <pin num="12" name="Pin_12" type="passive"/>
      </pins>
    </libpart>
    <libpart lib="Device" part="C">
      <description>Unpolarized capacitor</description>
      <docs>~</docs>
      <footprints>
        <fp>C_*</fp>
      </footprints>
      <fields>
        <field name="Reference">C</field>
        <field name="Value">C</field>
      </fields>
      <pins>
        <pin num="1" name="~" type="passive"/>
        <pin num="2" name="~" type="passive"/>
      </pins>
    </libpart>
    <libpart lib="Device" part="R">
      <description>Resistor</description>
      <docs>~</docs>
      <footprints>
        <fp>R_*</fp>
      </footprints>
      <fields>
        <field name="Reference">R</field>
        <field name="Value">R</field>
      </fields>
      <pins>
        <pin num="1" name="~" type="passive"/>
        <pin num="2" name="~" type="passive"/>
      </pins>
    </libpart>
    <libpart lib="Diode" part="1N4148WS">
      <aliases>
        <alias>1N4448WS</alias>
        <alias>BAS316</alias>
      </aliases>
      <description>75V 0.15A Fast switching Diode, SOD-323</description>
      <docs>https://www.vishay.com/docs/85751/1n4148ws.pdf</docs>
      <footprints>
        <fp>D*SOD?323*</fp>
      </footprints>
      <fields>
        <field name="Reference">D</field>
        <field name="Value">1N4148WS</field>
        <field name="Footprint">Diode_SMD:D_SOD-323</field>
      </fields>
      <pins>
        <pin num="1" name="K" type="passive"/>
        <pin num="2" name="A" type="passive"/>
      </pins>
    </libpart>
    <libpart lib="MCU_ST_STM32F0" part="STM32F072C8Tx">
      <aliases>
        <alias>STM32F072CBTx</alias>
      </aliases>
      <description>ARM Cortex-M0 MCU, 64KB flash, 16KB RAM, 48MHz, 2-3.6V, 37 GPIO, LQFP-48</description>
      <docs>http://www.st.com/st-web-ui/static/active/en/resource/technical/document/datasheet/DM00090510.pdf</docs>
      <footprints>
        <fp>LQFP*7x7mm*P0.5mm*</fp>
      </footprints>
      <fields>
        <field name="Reference">U</field>
        <field name="Value">STM32F072C8Tx</field>
        <field name="Footprint">Package_QFP:LQFP-48_7x7mm_P0.5mm</field>
      </fields>
      <pins>
        <pin num="1" name="VBAT" type="power_in"/>
        <pin num="2" name="PC13" type="BiDi"/>
        <pin num="3" name="PC14" type="BiDi"/>
        <pin num="4" name="PC15" type="BiDi"/>
        <pin num="5" name="PF0" type="input"/>
        <pin num="6" name="PF1" type="input"/>
        <pin num="7" name="NRST" type="input"/>
        <pin num="8" name="VSSA" type="power_in"/>
        <pin num="9" name="VDDA" type="power_in"/>
        <pin num="10" name="PA0" type="BiDi"/>
        <pin num="11" name="PA1" type="BiDi"/>
        <pin num="12" name="PA2" type="BiDi"/>
        <pin num="13" name="PA3" type="BiDi"/>
        <pin num="14" name="PA4" type="BiDi"/>
        <pin num="15" name="PA5" type="BiDi"/>
        <pin num="16" name="PA6" type="BiDi"/>
        <pin num="17" name="PA7" type="BiDi"/>
        <pin num="18" name="PB0" type="BiDi"/>
        <pin num="19" name="PB1" type="BiDi"/>
        <pin num="20" name="PB2" type="BiDi"/>
        <pin num="21" name="PB10" type="BiDi"/>
        <pin num="22" name="PB11" type="BiDi"/>
        <pin num="23" name="VSS" type="power_in"/>
        <pin num="24" name="VDD" type="power_in"/>
        <pin num="25" name="PB12" type="BiDi"/>
        <pin num="26" name="PB13" type="BiDi"/>
        <pin num="27" name="PB14" type="BiDi"/>
        <pin num="28" name="PB15" type="BiDi"/>
        <pin num="29" name="PA8" type="BiDi"/>
        <pin num="30" name="PA9" type="BiDi"/>
        <pin num="31" name="PA10" type="BiDi"/>
        <pin num="32" name="PA11" type="BiDi"/>
        <pin num="33" name="PA12" type="BiDi"/>
        <pin num="34" name="PA13" type="BiDi"/>
        <pin num="35" name="VSS" type="power_in"/>
        <pin num="36" name="VDDIO2" type="power_in"/>
        <pin num="37" name="PA14" type="BiDi"/>
        <pin num="38" name="PA15" type="BiDi"/>
        <pin num="39" name="PB3" type="BiDi"/>
        <pin num="40" name="PB4" type="BiDi"/>
        <pin num="41" name="PB5" type="BiDi"/>
        <pin num="42" name="PB6" type="BiDi"/>
        <pin num="43" name="PB7" type="BiDi"/>
        <pin num="44" name="BOOT0" type="input"/>
        <pin num="45" name="PB8" type="BiDi"/>
        <pin num="46" name="PB9" type="BiDi"/>
        <pin num="47" name="VSS" type="power_in"/>
        <pin num="48" name="VDD" type="power_in"/>
      </pins>
    </libpart>
    <libpart lib="Regulator_Linear" part="MCP1703A-3302_SOT23">
      <aliases>
        <alias>MCP1703A-1202_SOT23</alias>
        <alias>MCP1703A-1502_SOT23</alias>
        <alias>MCP1703A-1802_SOT23</alias>
        <alias>MCP1703A-2502_SOT23</alias>
        <alias>MCP1703A-2802_SOT23</alias>
        <alias>MCP1703A-3002_SOT23</alias>
        <alias>MCP1703A-4002_SOT23</alias>
        <alias>MCP1703A-5002_SOT23</alias>
      </aliases>
      <description>Low Quiescent Current LDO Regulator, 3.3V, 250mA, Vin&lt;=16V, SOT-23</description>
      <docs>http://ww1.microchip.com/downloads/en/DeviceDoc/20005122B.pdf</docs>
      <footprints>
        <fp>SOT?23*</fp>
      </footprints>
      <fields>
        <field name="Reference">U</field>
        <field name="Value">MCP1703A-3302_SOT23</field>
        <field name="Footprint">Package_TO_SOT_SMD:SOT-23</field>
      </fields>
      <pins>
        <pin num="1" name="GND" type="power_in"/>
        <pin num="2" name="VO" type="power_out"/>
        <pin num="3" name="VI" type="power_in"/>
      </pins>
    </libpart>
    <libpart lib="Switch" part="SW_Push">
      <description>Push button switch, generic, two pins</description>
      <docs>~</docs>
      <fields>
        <field name="Reference">SW</field>
        <field name="Value">SW_Push</field>
      </fields>
      <pins>
        <pin num="1" name="1" type="passive"/>
        <pin num="2" name="2" type="passive"/>
      </pins>
    </libpart>
    <libpart lib="left-rescue" part="USB_C_Receptacle_USB2.0-Connector">
      <footprints>
        <fp>USB*C*Receptacle*</fp>
      </footprints>
      <fields>
        <field name="Reference">J</field>
        <field name="Value">USB_C_Receptacle_USB2.0-Connector</field>
      </fields>
      <pins>
        <pin num="A1" name="GND" type="power_in"/>
        <pin num="A4" name="VBUS" type="power_in"/>
        <pin num="A5" name="CC1" type="BiDi"/>
        <pin num="A6" name="D+" type="BiDi"/>
        <pin num="A7" name="D-" type="BiDi"/>
        <pin num="A8" name="SBU1" type="BiDi"/>
        <pin num="A9" name="VBUS" type="passive"/>
        <pin num="A12" name="GND" type="passive"/>
        <pin num="B1" name="GND" type="passive"/>
        <pin num="B4" name="VBUS" type="passive"/>
        <pin num="B5" name="CC2" type="BiDi"/>
        <pin num="B6" name="D+" type="BiDi"/>
        <pin num="B7" name="D-" type="BiDi"/>
        <pin num="B8" name="SBU2" type="BiDi"/>
        <pin num="B9" name="VBUS" type="passive"/>
        <pin num="B12" name="GND" type="passive"/>
        <pin num="S1" name="SHIELD" type="passive"/>
      </pins>
    </libpart>
  </libparts>
  <libraries>
    <library logical="Connector">
      <uri>/usr/share/kicad/library/Connector.lib</uri>
    </library>
    <library logical="Device">
      <uri>/usr/share/kicad/library/Device.lib</uri>
    </library>
    <library logical="Diode">
      <uri>/usr/share/kicad/library/Diode.lib</uri>
    </library>
    <library logical="MCU_ST_STM32F0">
      <uri>/usr/share/kicad/library/MCU_ST_STM32F0.lib</uri>
    </library>
    <library logical="Regulator_Linear">
      <uri>/usr/share/kicad/library/Regulator_Linear.lib</uri>
    </library>
    <library logical="Switch">
      <uri>/usr/share/kicad/library/Switch.lib</uri>
    </library>
    <library logical="left-rescue">
      <uri>/home/texitoi/dev/keyseebee/pcb/kicad/left/left-rescue.lib</uri>
    </library>
  </libraries>
  <nets>
    <net code="1" name="Net-(D5-Pad2)">
      <node ref="D5" pin="2"/>
      <node ref="SW3" pin="1"/>
    </net>
    <net code="2" name="Net-(D21-Pad2)">
      <node ref="D21" pin="2"/>
      <node ref="SW19" pin="1"/>
    </net>
    <net code="3" name="COL1">
      <node ref="SW3" pin="2"/>
      <node ref="U1" pin="38"/>
      <node ref="SW5" pin="2"/>
      <node ref="SW4" pin="2"/>
    </net>
    <net code="4" name="ROW1">
      <node ref="D19" pin="1"/>
      <node ref="D23" pin="1"/>
      <node ref="D33" pin="1"/>
      <node ref="U1" pin="18"/>
      <node ref="D14" pin="1"/>
      <node ref="D9" pin="1"/>
      <node ref="D5" pin="1"/>
    </net>
    <net code="5" name="Net-(D6-Pad2)">
      <node ref="D6" pin="2"/>
      <node ref="SW4" pin="1"/>
    </net>
    <net code="6" name="ROW2">
      <node ref="U1" pin="19"/>
      <node ref="D20" pin="1"/>
      <node ref="D24" pin="1"/>
      <node ref="D34" pin="1"/>
      <node ref="D10" pin="1"/>
      <node ref="D15" pin="1"/>
      <node ref="D6" pin="1"/>
    </net>
    <net code="7" name="Net-(D7-Pad2)">
      <node ref="SW5" pin="1"/>
      <node ref="D7" pin="2"/>
    </net>
    <net code="8" name="ROW3">
      <node ref="D11" pin="1"/>
      <node ref="D16" pin="1"/>
      <node ref="D21" pin="1"/>
      <node ref="D35" pin="1"/>
      <node ref="U1" pin="20"/>
      <node ref="D7" pin="1"/>
      <node ref="D25" pin="1"/>
    </net>
    <net code="9" name="Net-(D17-Pad2)">
      <node ref="SW15" pin="1"/>
      <node ref="D17" pin="2"/>
    </net>
    <net code="10" name="Net-(D16-Pad2)">
      <node ref="SW14" pin="1"/>
      <node ref="D16" pin="2"/>
    </net>
    <net code="11" name="COL2">
      <node ref="U1" pin="39"/>
      <node ref="SW19" pin="2"/>
      <node ref="SW18" pin="2"/>
      <node ref="SW17" pin="2"/>
    </net>
    <net code="12" name="Net-(D19-Pad2)">
      <node ref="D19" pin="2"/>
      <node ref="SW17" pin="1"/>
    </net>
    <net code="13" name="Net-(D20-Pad2)">
      <node ref="SW18" pin="1"/>
      <node ref="D20" pin="2"/>
    </net>
    <net code="14" name="Net-(D23-Pad2)">
      <node ref="D23" pin="2"/>
      <node ref="SW21" pin="1"/>
    </net>
    <net code="15" name="COL4">
      <node ref="SW24" pin="2"/>
      <node ref="SW22" pin="2"/>
      <node ref="SW21" pin="2"/>
      <node ref="U1" pin="41"/>
      <node ref="SW23" pin="2"/>
    </net>
    <net code="16" name="Net-(D24-Pad2)">
      <node ref="D24" pin="2"/>
      <node ref="SW22" pin="1"/>
    </net>
    <net code="17" name="Net-(D26-Pad2)">
      <node ref="SW24" pin="1"/>
      <node ref="D26" pin="2"/>
    </net>
    <net code="18" name="ROW4">
      <node ref="D12" pin="1"/>
      <node ref="U1" pin="21"/>
      <node ref="D17" pin="1"/>
      <node ref="D36" pin="1"/>
      <node ref="D26" pin="1"/>
    </net>
    <net code="19" name="COL5">
      <node ref="U1" pin="45"/>
      <node ref="SW33" pin="2"/>
      <node ref="SW34" pin="2"/>
      <node ref="SW31" pin="2"/>
      <node ref="SW32" pin="2"/>
    </net>
    <net code="20" name="Net-(D33-Pad2)">
      <node ref="SW31" pin="1"/>
      <node ref="D33" pin="2"/>
    </net>
    <net code="21" name="Net-(D34-Pad2)">
      <node ref="D34" pin="2"/>
      <node ref="SW32" pin="1"/>
    </net>
    <net code="22" name="Net-(D36-Pad2)">
      <node ref="D36" pin="2"/>
      <node ref="SW34" pin="1"/>
    </net>
    <net code="23" name="Net-(D35-Pad2)">
      <node ref="SW33" pin="1"/>
      <node ref="D35" pin="2"/>
    </net>
    <net code="24" name="3.3V">
      <node ref="U1" pin="9"/>
      <node ref="C6" pin="2"/>
      <node ref="U1" pin="36"/>
      <node ref="J3" pin="1"/>
      <node ref="U1" pin="24"/>
      <node ref="U1" pin="48"/>
      <node ref="C2" pin="2"/>
      <node ref="C4" pin="2"/>
      <node ref="C5" pin="2"/>
      <node ref="C3" pin="2"/>
      <node ref="SW1" pin="2"/>
      <node ref="U2" pin="2"/>
    </net>
    <net code="25" name="GND">
      <node ref="U1" pin="23"/>
      <node ref="C3" pin="1"/>
      <node ref="U1" pin="25"/>
      <node ref="C2" pin="1"/>
      <node ref="C4" pin="1"/>
      <node ref="C5" pin="1"/>
      <node ref="C7" pin="1"/>
      <node ref="J2" pin="1"/>
      <node ref="SW2" pin="1"/>
      <node ref="C1" pin="1"/>
      <node ref="U1" pin="47"/>
      <node ref="R6" pin="2"/>
      <node ref="R7" pin="2"/>
      <node ref="J1" pin="A12"/>
      <node ref="J1" pin="A1"/>
      <node ref="U1" pin="35"/>
      <node ref="J1" pin="B1"/>
      <node ref="J1" pin="B12"/>
      <node ref="J1" pin="S1"/>
      <node ref="U1" pin="8"/>
      <node ref="C6" pin="1"/>
      <node ref="J3" pin="4"/>
      <node ref="U2" pin="1"/>
      <node ref="J3" pin="9"/>
      <node ref="R1" pin="2"/>
    </net>
    <net code="26" name="5V">
      <node ref="U2" pin="3"/>
      <node ref="J3" pin="12"/>
      <node ref="J1" pin="A9"/>
      <node ref="J2" pin="2"/>
      <node ref="J1" pin="B4"/>
      <node ref="C7" pin="2"/>
      <node ref="J1" pin="A4"/>
      <node ref="J1" pin="B9"/>
    </net>
    <net code="27" name="SWDCLK">
      <node ref="U1" pin="37"/>
      <node ref="J3" pin="3"/>
    </net>
    <net code="28" name="SWDIO">
      <node ref="U1" pin="34"/>
      <node ref="J3" pin="2"/>
    </net>
    <net code="29" name="Net-(D14-Pad2)">
      <node ref="D14" pin="2"/>
      <node ref="SW12" pin="1"/>
    </net>
    <net code="30" name="Net-(D15-Pad2)">
      <node ref="D15" pin="2"/>
      <node ref="SW13" pin="1"/>
    </net>
    <net code="31" name="Net-(J1-PadB8)">
      <node ref="J1" pin="B8"/>
    </net>
    <net code="32" name="Net-(J1-PadB5)">
      <node ref="J1" pin="B5"/>
      <node ref="R6" pin="1"/>
    </net>
    <net code="33" name="Net-(J1-PadA8)">
      <node ref="J1" pin="A8"/>
    </net>
    <net code="34" name="Net-(D25-Pad2)">
      <node ref="D25" pin="2"/>
      <node ref="SW23" pin="1"/>
    </net>
    <net code="35" name="Net-(J1-PadA5)">
      <node ref="R7" pin="1"/>
      <node ref="J1" pin="A5"/>
    </net>
    <net code="36" name="TX">
      <node ref="U1" pin="30"/>
      <node ref="J2" pin="3"/>
    </net>
    <net code="37" name="Net-(U1-Pad3)">
      <node ref="U1" pin="3"/>
    </net>
    <net code="38" name="Net-(U1-Pad29)">
      <node ref="U1" pin="29"/>
    </net>
    <net code="39" name="Net-(U1-Pad28)">
      <node ref="U1" pin="28"/>
    </net>
    <net code="40" name="Net-(U1-Pad27)">
      <node ref="U1" pin="27"/>
    </net>
    <net code="41" name="Net-(U1-Pad26)">
      <node ref="U1" pin="26"/>
    </net>
    <net code="42" name="Net-(U1-Pad22)">
      <node ref="U1" pin="22"/>
    </net>
    <net code="43" name="RX">
      <node ref="J2" pin="4"/>
      <node ref="U1" pin="31"/>
    </net>
    <net code="44" name="Net-(U1-Pad2)">
      <node ref="U1" pin="2"/>
    </net>
    <net code="45" name="PA7">
      <node ref="U1" pin="17"/>
      <node ref="J3" pin="8"/>
    </net>
    <net code="46" name="PA6">
      <node ref="J3" pin="7"/>
      <node ref="U1" pin="16"/>
    </net>
    <net code="47" name="PA5">
      <node ref="J3" pin="6"/>
      <node ref="U1" pin="15"/>
    </net>
    <net code="48" name="PA4">
      <node ref="J3" pin="5"/>
      <node ref="U1" pin="14"/>
    </net>
    <net code="49" name="Net-(U1-Pad13)">
      <node ref="U1" pin="13"/>
    </net>
    <net code="50" name="Net-(U1-Pad12)">
      <node ref="U1" pin="12"/>
    </net>
    <net code="51" name="Net-(U1-Pad11)">
      <node ref="U1" pin="11"/>
    </net>
    <net code="52" name="Net-(U1-Pad10)">
      <node ref="U1" pin="10"/>
    </net>
    <net code="53" name="Net-(U1-Pad6)">
      <node ref="U1" pin="6"/>
    </net>
    <net code="54" name="Net-(U1-Pad5)">
      <node ref="U1" pin="5"/>
    </net>
    <net code="55" name="COL6">
      <node ref="SW15" pin="2"/>
      <node ref="SW14" pin="2"/>
      <node ref="SW12" pin="2"/>
      <node ref="SW13" pin="2"/>
      <node ref="U1" pin="46"/>
    </net>
    <net code="56" name="PB7">
      <node ref="J3" pin="11"/>
      <node ref="U1" pin="43"/>
    </net>
    <net code="57" name="PB6">
      <node ref="U1" pin="42"/>
      <node ref="J3" pin="10"/>
    </net>
    <net code="58" name="COL3">
      <node ref="SW9" pin="2"/>
      <node ref="U1" pin="40"/>
      <node ref="SW8" pin="2"/>
      <node ref="SW10" pin="2"/>
      <node ref="SW7" pin="2"/>
    </net>
    <net code="59" name="Net-(U1-Pad4)">
      <node ref="U1" pin="4"/>
    </net>
    <net code="60" name="D+">
      <node ref="J1" pin="B6"/>
      <node ref="U1" pin="33"/>
      <node ref="J1" pin="A6"/>
    </net>
    <net code="61" name="D-">
      <node ref="U1" pin="32"/>
      <node ref="J1" pin="B7"/>
      <node ref="J1" pin="A7"/>
    </net>
    <net code="62" name="Net-(D12-Pad2)">
      <node ref="D12" pin="2"/>
      <node ref="SW10" pin="1"/>
    </net>
    <net code="63" name="Net-(D11-Pad2)">
      <node ref="SW9" pin="1"/>
      <node ref="D11" pin="2"/>
    </net>
    <net code="64" name="Net-(D10-Pad2)">
      <node ref="SW8" pin="1"/>
      <node ref="D10" pin="2"/>
    </net>
    <net code="65" name="Net-(D9-Pad2)">
      <node ref="SW7" pin="1"/>
      <node ref="D9" pin="2"/>
    </net>
    <net code="66" name="Net-(R1-Pad1)">
      <node ref="SW1" pin="1"/>
      <node ref="U1" pin="44"/>
      <node ref="R1" pin="1"/>
    </net>
    <net code="67" name="Net-(C1-Pad2)">
      <node ref="C1" pin="2"/>
      <node ref="U1" pin="7"/>
      <node ref="SW2" pin="2"/>
    </net>
    <net code="68" name="VBAT">
      <node ref="U1" pin="1"/>
    </net>
  </nets>
</export>
